ROW_NO,RESERVATION_NAME,TRAVEL_MODE,VERSION_CODE,ACCOUNT_TYPE,AGENCY_CODE,TEMPLATE_CLASS_NAME,TEMPLATE_NAME,SERVICE_ACTION,SERVICE_METHOD,EXECUTION_ORDER,FILEWRITE,EXECUTION_TYPE,ENDPOINT,VALIDATION_SCHEMA
1,SAP,IOCL,V1,RF,102,EmpValidate,EmpValidate,EmpValidateRQ,EmpValidateRQ,1,Y,CURL,https://b2b.ioclebiz.in:6900/RESTAdapter/SBT/EMPVALIDATE,"{
  ""definitions"": {},
  ""$schema"": ""http://json-schema.org/draft-07/schema#"",
  ""$id"": ""http://example.com/root.json"",
  ""type"": ""object"",
  ""title"": ""The Root Schema""
}
"
