ROW_NO,RESERVATION_NAME,TRAVEL_MODE,VERSION_CODE,ACCOUNT_TYPE,AGENCY_CODE,TEMPLATE_CLASS_NAME,TEMPLATE_NAME,SERVICE_ACTION,SERVICE_METHOD,EXECUTION_ORDER,FILEWRITE,EXECUTION_TYPE,ENDPOINT,VALIDATION_SCHEMA,credentials
1,YATRA,HOTEL,V1,RF,101,CitySearch,,,,1,Y,CURL,https://stagingapi.yatra.com/corpapi/external/hotel/city,"{
  ""definitions"": {},
  ""$schema"": ""http://json-schema.org/draft-07/schema#"",
  ""$id"": ""http://example.com/root.json"",
  ""type"": ""object"",
  ""title"": ""The Root Schema"",
  ""required"": [
    ""city_name""
  ],
  ""properties"": {
    ""city_name"": {
      ""$id"": ""#/properties/city_name"",
      ""type"": ""string"",
      ""title"": ""The City_name Schema"",
      ""default"": """",
      ""examples"": [
        ""Chennai""
      ],
      ""minLength"": 1,
      ""pattern"": ""^(.*)$""
    }
  }
}
","[
	{
		""key"" : ""APIKey"",
		""value"" : ""5c8f8f4b55a319ec953daa15"",
		""encryption_status"" : ""N"",
		""status"" : ""Y""
	}
]"
