ROW_NO,RESERVATION_NAME,TRAVEL_MODE,VERSION_CODE,ACCOUNT_TYPE,AGENCY_CODE,TEMPLATE_CLASS_NAME,TEMPLATE_NAME,SERVICE_ACTION,SERVICE_METHOD,EXECUTION_ORDER,FILEWRITE,EXECUTION_TYPE,ENDPOINT,VALIDATION_SCHEMA,credentials
1,YATRA,HOTEL,V1,RF,101,HotelReview,,,,1,Y,CURL,https://stagingapi.yatra.com/corpapi/external/hotel/review,"{""definitions"":{},""$schema"":""http://json-schema.org/draft-07/schema#"",""$id"":""http://example.com/root.json"",""type"":""object"",""title"":""The Root Schema"",""required"":[""hotelId"",""searchId"",""detailId"",""supplier"",""roomTypeCode"",""ratePlanId"",""customer""],""properties"":{""hotelId"":{""$id"":""#/properties/hotelId"",""type"":""string"",""title"":""The Hotelid Schema"",""default"":"""",""examples"":[""0020711""],""minLength"":1,""pattern"":""^(.*)$""},""searchId"":{""$id"":""#/properties/searchId"",""type"":""string"",""title"":""The Searchid Schema"",""default"":"""",""examples"":[""4da789dd-0980-4162-9a8b-fccba26d85e1""],""minLength"":1,""pattern"":""^(.*)$""},""detailId"":{""$id"":""#/properties/detailId"",""type"":""string"",""title"":""The Detailid Schema"",""default"":"""",""examples"":[""44564c6f-475d-41c2-accb-81da5033b5ca""],""minLength"":1,""pattern"":""^(.*)$""},""supplier"":{""$id"":""#/properties/supplier"",""type"":""string"",""title"":""The Supplier Schema"",""default"":"""",""examples"":[""TGU""],""minLength"":1,""pattern"":""^(.*)$""},""roomTypeCode"":{""$id"":""#/properties/roomTypeCode"",""type"":""string"",""title"":""The Roomtypecode Schema"",""default"":"""",""examples"":[""APNO00-001""],""minLength"":1,""pattern"":""^(.*)$""},""ratePlanId"":{""$id"":""#/properties/ratePlanId"",""type"":""string"",""title"":""The Rateplanid Schema"",""default"":"""",""examples"":[""0000123780""],""minLength"":1,""pattern"":""^(.*)$""},""customer"":{""$id"":""#/properties/customer"",""type"":""array"",""title"":""The Customer Schema"",""items"":{""$id"":""#/properties/customer/items"",""type"":""object"",""title"":""The Items Schema"",""required"":[""title"",""firstName"",""lastName"",""passengerType"",""streetAddress"",""city"",""state"",""country"",""postalCode"",""mobile"",""email""],""properties"":{""title"":{""$id"":""#/properties/customer/items/properties/title"",""type"":""string"",""title"":""The Title Schema"",""default"":"""",""examples"":[""Mr""],""minLength"":1,""pattern"":""^(.*)$""},""firstName"":{""$id"":""#/properties/customer/items/properties/firstName"",""type"":""string"",""title"":""The Firstname Schema"",""default"":"""",""examples"":[""aarav""],""minLength"":1,""pattern"":""^(.*)$""},""lastName"":{""$id"":""#/properties/customer/items/properties/lastName"",""type"":""string"",""title"":""The Lastname Schema"",""default"":"""",""examples"":[""Ggg""],""minLength"":1,""pattern"":""^(.*)$""},""passengerType"":{""$id"":""#/properties/customer/items/properties/passengerType"",""type"":""string"",""title"":""The Passengertype Schema"",""default"":"""",""examples"":[""ADT""],""minLength"":3,""pattern"":""^(.*)$""},""streetAddress"":{""$id"":""#/properties/customer/items/properties/streetAddress"",""type"":""string"",""title"":""The Streetaddress Schema"",""default"":"""",""examples"":[""216,Shah & Nahar Estate,Dr E Moses Road,Worli""],""minLength"":1,""pattern"":""^(.*)$""},""city"":{""$id"":""#/properties/customer/items/properties/city"",""type"":""string"",""title"":""The City Schema"",""default"":"""",""examples"":[""Mumbai""],""minLength"":1,""pattern"":""^(.*)$""},""state"":{""$id"":""#/properties/customer/items/properties/state"",""type"":""string"",""title"":""The State Schema"",""default"":"""",""examples"":[""Maharashtra""],""minLength"":1,""pattern"":""^(.*)$""},""country"":{""$id"":""#/properties/customer/items/properties/country"",""type"":""string"",""title"":""The Country Schema"",""default"":"""",""examples"":[""India""],""minLength"":1,""pattern"":""^(.*)$""},""postalCode"":{""$id"":""#/properties/customer/items/properties/postalCode"",""type"":""string"",""title"":""The Postalcode Schema"",""default"":"""",""examples"":[""400018""],""minLength"":1,""pattern"":""^(.*)$""},""mobile"":{""$id"":""#/properties/customer/items/properties/mobile"",""type"":""string"",""title"":""The Mobile Schema"",""default"":"""",""examples"":[""9999999999""],""minLength"":1,""pattern"":""^(.*)$""},""email"":{""$id"":""#/properties/customer/items/properties/email"",""type"":""string"",""title"":""The Email Schema"",""default"":"""",""examples"":[""ggg@mail.com""],""minLength"":1,""pattern"":""^(.*)$"",""format"":""email""}}}}}}","[
	{
		""key"" : ""APIKey"",
		""value"" : ""5c8f8f4b55a319ec953daa15"",
		""encryption_status"" : ""N"",
		""status"" : ""Y""
	}
]"
2,YATRA,HOTEL,V1,RF,101,HotelPostReview,,,,1,Y,CURL,https://stagingapi.yatra.com/corpapi/external/hotel/postreview,"{""definitions"":{},""$schema"":""http://json-schema.org/draft-07/schema#"",""$id"":""http://example.com/root.json"",""type"":""object"",""title"":""The Root Schema"",""required"":[""hotelId"",""searchId"",""detailId"",""supplier"",""roomTypeCode"",""ratePlanId"",""customer""],""properties"":{""hotelId"":{""$id"":""#/properties/hotelId"",""type"":""string"",""title"":""The Hotelid Schema"",""default"":"""",""examples"":[""0020711""],""minLength"":1,""pattern"":""^(.*)$""},""searchId"":{""$id"":""#/properties/searchId"",""type"":""string"",""title"":""The Searchid Schema"",""default"":"""",""examples"":[""4da789dd-0980-4162-9a8b-fccba26d85e1""],""minLength"":1,""pattern"":""^(.*)$""},""detailId"":{""$id"":""#/properties/detailId"",""type"":""string"",""title"":""The Detailid Schema"",""default"":"""",""examples"":[""44564c6f-475d-41c2-accb-81da5033b5ca""],""minLength"":1,""pattern"":""^(.*)$""},""supplier"":{""$id"":""#/properties/supplier"",""type"":""string"",""title"":""The Supplier Schema"",""default"":"""",""examples"":[""TGU""],""minLength"":1,""pattern"":""^(.*)$""},""roomTypeCode"":{""$id"":""#/properties/roomTypeCode"",""type"":""string"",""title"":""The Roomtypecode Schema"",""default"":"""",""examples"":[""APNO00-001""],""minLength"":1,""pattern"":""^(.*)$""},""ratePlanId"":{""$id"":""#/properties/ratePlanId"",""type"":""string"",""title"":""The Rateplanid Schema"",""default"":"""",""examples"":[""0000123780""],""minLength"":1,""pattern"":""^(.*)$""},""customer"":{""$id"":""#/properties/customer"",""type"":""array"",""title"":""The Customer Schema"",""items"":{""$id"":""#/properties/customer/items"",""type"":""object"",""title"":""The Items Schema"",""required"":[""title"",""firstName"",""lastName"",""passengerType"",""streetAddress"",""city"",""state"",""country"",""postalCode"",""mobile"",""email""],""properties"":{""title"":{""$id"":""#/properties/customer/items/properties/title"",""type"":""string"",""title"":""The Title Schema"",""default"":"""",""examples"":[""Mr""],""minLength"":1,""pattern"":""^(.*)$""},""firstName"":{""$id"":""#/properties/customer/items/properties/firstName"",""type"":""string"",""title"":""The Firstname Schema"",""default"":"""",""examples"":[""aarav""],""minLength"":1,""pattern"":""^(.*)$""},""lastName"":{""$id"":""#/properties/customer/items/properties/lastName"",""type"":""string"",""title"":""The Lastname Schema"",""default"":"""",""examples"":[""Ggg""],""minLength"":1,""pattern"":""^(.*)$""},""passengerType"":{""$id"":""#/properties/customer/items/properties/passengerType"",""type"":""string"",""title"":""The Passengertype Schema"",""default"":"""",""examples"":[""ADT""],""minLength"":3,""pattern"":""^(.*)$""},""streetAddress"":{""$id"":""#/properties/customer/items/properties/streetAddress"",""type"":""string"",""title"":""The Streetaddress Schema"",""default"":"""",""examples"":[""216,Shah & Nahar Estate,Dr E Moses Road,Worli""],""minLength"":1,""pattern"":""^(.*)$""},""city"":{""$id"":""#/properties/customer/items/properties/city"",""type"":""string"",""title"":""The City Schema"",""default"":"""",""examples"":[""Mumbai""],""minLength"":1,""pattern"":""^(.*)$""},""state"":{""$id"":""#/properties/customer/items/properties/state"",""type"":""string"",""title"":""The State Schema"",""default"":"""",""examples"":[""Maharashtra""],""minLength"":1,""pattern"":""^(.*)$""},""country"":{""$id"":""#/properties/customer/items/properties/country"",""type"":""string"",""title"":""The Country Schema"",""default"":"""",""examples"":[""India""],""minLength"":1,""pattern"":""^(.*)$""},""postalCode"":{""$id"":""#/properties/customer/items/properties/postalCode"",""type"":""string"",""title"":""The Postalcode Schema"",""default"":"""",""examples"":[""400018""],""minLength"":1,""pattern"":""^(.*)$""},""mobile"":{""$id"":""#/properties/customer/items/properties/mobile"",""type"":""string"",""title"":""The Mobile Schema"",""default"":"""",""examples"":[""9999999999""],""minLength"":1,""pattern"":""^(.*)$""},""email"":{""$id"":""#/properties/customer/items/properties/email"",""type"":""string"",""title"":""The Email Schema"",""default"":"""",""examples"":[""ggg@mail.com""],""minLength"":1,""pattern"":""^(.*)$"",""format"":""email""}}}}}}","[
	{
		""key"" : ""APIKey"",
		""value"" : ""5c8f8f4b55a319ec953daa15"",
		""encryption_status"" : ""N"",
		""status"" : ""Y""
	}
]"
