ROW_NO,RESERVATION_NAME,TRAVEL_MODE,VERSION_CODE,ACCOUNT_TYPE,AGENCY_CODE,TEMPLATE_CLASS_NAME,TEMPLATE_NAME,SERVICE_ACTION,SERVICE_METHOD,EXECUTION_ORDER,FILEWRITE,EXECUTION_TYPE,ENDPOINT,VALIDATION_SCHEMA,CREDENTIALS,STATUS
1,ACE,AIR,V1,RF,102,DisplayBooking,DisplayBooking,BookingService,GetBooking,1,Y,CURL,http://gcpstgace.airasia.com/BookingService.svc,"{""$id"": ""http://example.com/root.json"", ""type"": [""object"", ""array""], ""title"": ""The Root Schema"", ""$schema"": ""http://json-schema.org/draft-07/schema#"", ""definitions"": {}}","[
    {
        ""key"" : ""user_name"",
        ""value"" : ""APIINBLWRI"",
        ""encryption_status"" : ""N"",
        ""status"" : ""Y""
    },
    {
        ""key"" : ""password"",
        ""value"" : ""B@Lm3rCA4i"",
        ""encryption_status"" : ""N"",
        ""status"" : ""Y""
    }
]",
