ROW_NO,RESERVATION_NAME,TRAVEL_MODE,VERSION_CODE,ACCOUNT_TYPE,AGENCY_CODE,TEMPLATE_CLASS_NAME,TEMPLATE_NAME,SERVICE_ACTION,SERVICE_METHOD,EXECUTION_ORDER,FILEWRITE,EXECUTION_TYPE,ENDPOINT,VALIDATION_SCHEMA
1,SABRE,HOTEL,V1,RF,101,HotelMedia,GetHotelMediaRQ,GetHotelMediaRQ,GetHotelMediaRQ,1,Y,CURL,https://sws-crt.cert.sabre.com,"{
  ""definitions"": {},
  ""$schema"": ""http://json-schema.org/draft-07/schema#"",
  ""$id"": ""http://example.com/root.json"",
  ""type"": ""object"",
  ""title"": ""The Root Schema"",
  ""required"": [
    ""hotel_code""
  ],
  ""properties"": {
    ""hotel_code"": {
      ""$id"": ""#/properties/hotel_code"",
      ""type"": ""string"",
      ""title"": ""The Hotel_code Schema"",
      ""default"": """",
      ""examples"": [
        ""0052293""
      ],
      ""minLength"": 3,
      ""pattern"": ""^(.*)$""
    }
  }
}
"
